"Neighborhood","Price","Bedrooms","Bathrooms","House Size","Description","Neighborhood Description"
"Willow Creek","$650,000","4","3","2,500 sqft","Escape to this spacious 4-bedroom, 3-bathroom home in the serene neighborhood of Willow Creek. Enjoy the large backyard with a deck perfect for entertaining guests. The updated kitchen features stainless steel appliances and granite countertops. With easy access to hiking trails and a community pool, this home is perfect for outdoor enthusiasts.","Willow Creek offers a peaceful setting with tree-lined streets and friendly neighbors. Explore the nearby Willow Creek Park or take a short drive to the Willow Creek Shopping Center for dining and shopping options."
"Sunset Hills","$900,000","5","4","3,200 sqft","Luxury awaits in this stunning 5-bedroom, 4-bathroom home in the prestigious Sunset Hills neighborhood. The grand foyer leads to a gourmet kitchen with high-end appliances and a spacious island. Relax in the master suite with a spa-like bathroom and walk-in closet. The backyard oasis features a pool and outdoor kitchen, perfect for summer gatherings.","Sunset Hills is known for its upscale homes and scenic views. Residents can enjoy the Sunset Hills Country Club or take a short drive to the Sunset Hills Winery for wine tasting. With top-rated schools and easy access to highways, this neighborhood is ideal for families."
"Riverfront Estates","$1,200,000","6","5","4,500 sqft","Experience luxury living in this expansive 6-bedroom, 5-bathroom home in the exclusive Riverfront Estates. The open floor plan features a grand living room with a fireplace and floor-to-ceiling windows. The chef's kitchen boasts custom cabinetry and a breakfast nook overlooking the river. Retreat to the master suite with a private balcony and spa-like bathroom. The outdoor space includes a dock for boating and a fire pit for cozy evenings.","Riverfront Estates offers a private and tranquil setting along the river. Residents can enjoy fishing, kayaking, and picnicking in the nearby Riverfront Park. With gated entry and 24-hour security, this neighborhood provides a safe and luxurious lifestyle."
"Mountain View Heights","$750,000","3","2.5","2,300 sqft","Enjoy mountain views from this charming 3-bedroom, 2.5-bathroom home in the desirable Mountain View Heights neighborhood. The cozy living room features a stone fireplace and vaulted ceilings. The updated kitchen offers granite countertops and stainless steel appliances. Relax in the backyard oasis with a hot tub and outdoor dining area.","Mountain View Heights is known for its scenic beauty and outdoor recreation opportunities. Residents can hike the nearby trails or visit the Mountain View Heights Golf Course for a round of golf. With a strong sense of community and top-rated schools, this neighborhood is perfect for families."
"Harbor Pointe","$850,000","4","3.5","2,800 sqft","Live the coastal lifestyle in this 4-bedroom, 3.5-bathroom home in the waterfront community of Harbor Pointe. The spacious floor plan features a gourmet kitchen with a large island and water views. The master suite offers a private balcony and a luxurious en-suite bathroom. Relax on the deck overlooking the marina or take a short walk to the beach for a day of sun and surf.","Harbor Pointe is a boater's paradise with easy access to the marina and yacht club. Residents can enjoy waterfront dining at the Harbor Pointe Restaurant or take a sunset cruise along the coast. With a vibrant waterfront scene and close proximity to shopping and entertainment, this neighborhood offers the best of coastal living."
"Oak Ridge Estates","$700,000","5","3","2,600 sqft","Discover country living in this 5-bedroom, 3-bathroom home in the peaceful Oak Ridge Estates. The wrap-around porch welcomes you into the spacious living room with a cozy fireplace. The updated kitchen features custom cabinetry and a breakfast nook. The expansive backyard offers a garden area and a fire pit, perfect for outdoor gatherings.","Oak Ridge Estates is a quiet and picturesque neighborhood with rolling hills and mature trees. Residents can explore the nearby Oak Ridge Park or visit the Oak Ridge Winery for wine tasting. With a strong sense of community and a rural charm, this neighborhood is ideal for those seeking a tranquil lifestyle."
"Maple Grove","$600,000","4","2.5","2,400 sqft","Step into this 4-bedroom, 2.5-bathroom home in the family-friendly neighborhood of Maple Grove. The open-concept living area features a modern kitchen with quartz countertops and a breakfast bar. The master suite offers a walk-in closet and a spa-like bathroom. Enjoy the fenced backyard with a patio and space for outdoor play.","Maple Grove is known for its tree-lined streets and community events. Residents can attend the annual Maple Grove Fall Festival or take a short drive to the Maple Grove Community Center for recreational activities. With top-rated schools and parks nearby, this neighborhood is perfect for families."
"Golden Hills","$950,000","6","4.5","3,500 sqft","Experience luxury living in this 6-bedroom, 4.5-bathroom home in the prestigious Golden Hills neighborhood. The grand foyer leads to a formal dining room and a spacious living area with a fireplace. The gourmet kitchen features high-end appliances and a large island. Retreat to the master suite with a sitting area and a private balcony. The backyard oasis includes a pool, spa, and outdoor kitchen, perfect for entertaining guests.","Golden Hills is known for its upscale homes and lush landscaping. Residents can enjoy the Golden Hills Country Club or take a short drive to the Golden Hills Shopping Center for dining and shopping options. With easy access to highways and top-rated schools, this neighborhood offers a luxurious lifestyle."
"Silver Creek Meadows","$720,000","4","3","2,600 sqft","Escape to this 4-bedroom, 3-bathroom home in the peaceful Silver Creek Meadows neighborhood. The open floor plan features a spacious living room with a fireplace and vaulted ceilings. The updated kitchen offers granite countertops and stainless steel appliances. Relax in the master suite with a walk-in closet and a spa-like bathroom. The backyard oasis includes a deck and a garden area, perfect for outdoor relaxation.","Silver Creek Meadows is a quiet and family-friendly neighborhood with tree-lined streets and community parks. Residents can explore the nearby Silver Creek Trail or visit the Silver Creek Meadows Community Center for recreational activities. With a strong sense of community and top-rated schools, this neighborhood is ideal for families."
"Ocean View Terrace","$1,100,000","5","4","3,000 sqft","Enjoy ocean views from this 5-bedroom, 4-bathroom home in the exclusive Ocean View Terrace neighborhood. The open-concept living area features a gourmet kitchen with high-end appliances and a large island. The master suite offers a private balcony and a luxurious en-suite bathroom. The outdoor space includes a patio with a fire pit and a hot tub, perfect for outdoor entertaining.","Ocean View Terrace offers a coastal lifestyle with easy access to the beach and waterfront dining. Residents can take a short walk to the Ocean View Terrace Park or visit the Ocean View Terrace Marina for boating and fishing. With a vibrant waterfront scene and upscale amenities, this neighborhood provides a luxurious coastal living experience."
"Sunrise Pointe","$680,000","3","2","2,200 sqft","Wake up to stunning sunrises in this 3-bedroom, 2-bathroom home in the desirable Sunrise Pointe neighborhood. The bright and airy living room features a fireplace and large windows. The updated kitchen offers quartz countertops and stainless steel appliances. Relax in the master suite with a walk-in closet and a spa-like bathroom. The backyard oasis includes a patio and a garden area, perfect for outdoor relaxation.","Sunrise Pointe is known for its scenic views and peaceful atmosphere. Residents can enjoy morning walks along the Sunrise Pointe Trail or visit the Sunrise Pointe Golf Course for a round of golf. With a strong sense of community and easy access to shopping and dining options, this neighborhood is ideal for those seeking a tranquil lifestyle."
"Valley Vista Heights","$730,000","4","3","2,500 sqft","Discover valley views from this 4-bedroom, 3-bathroom home in the scenic Valley Vista Heights neighborhood. The open floor plan features a spacious living room with a fireplace and vaulted ceilings. The updated kitchen offers granite countertops and stainless steel appliances. Retreat to the master suite with a walk-in closet and a spa-like bathroom. The backyard oasis includes a deck and a garden area, perfect for outdoor relaxation.","Valley Vista Heights is a peaceful neighborhood with rolling hills and panoramic views. Residents can hike the nearby Valley Vista Trail or visit the Valley Vista Heights Winery for wine tasting. With a strong sense of community and top-rated schools, this neighborhood is perfect for families."
"Parkside Manor","$780,000","5","3.5","2,800 sqft","Live in luxury in this 5-bedroom, 3.5-bathroom home in the prestigious Parkside Manor neighborhood. The grand foyer leads to a formal dining room and a spacious living area with a fireplace. The gourmet kitchen features high-end appliances and a large island. Retreat to the master suite with a sitting area and a private balcony. The backyard oasis includes a pool, spa, and outdoor kitchen, perfect for entertaining guests.","Parkside Manor is known for its upscale homes and manicured landscaping. Residents can enjoy the Parkside Manor Country Club or take a short drive to the Parkside Manor Shopping Center for dining and shopping options. With easy access to highways and top-rated schools, this neighborhood offers a luxurious lifestyle."
"Forest Glen Estates","$690,000","4","2.5","2,400 sqft","Escape to this 4-bedroom, 2.5-bathroom home in the peaceful Forest Glen Estates neighborhood. The open-concept living area features a cozy fireplace and hardwood floors. The updated kitchen offers quartz countertops and stainless steel appliances. Relax in the master suite with a walk-in closet and a spa-like bathroom. The backyard oasis includes a deck and a garden area, perfect for outdoor relaxation.","Forest Glen Estates is a quiet and family-friendly neighborhood with tree-lined streets and community parks. Residents can explore the nearby Forest Glen Trail or visit the Forest Glen Estates Community Center for recreational activities. With a strong sense of community and top-rated schools, this neighborhood is ideal for families."
"Riverfront Estates","$1,250,000","6","5","4,800 sqft","Experience luxury living in this expansive 6-bedroom, 5-bathroom home in the exclusive Riverfront Estates. The open floor plan features a grand living room with a fireplace and floor-to-ceiling windows. The chef's kitchen boasts custom cabinetry and a breakfast nook overlooking the river. Retreat to the master suite with a private balcony and spa-like bathroom. The outdoor space includes a dock for boating and a fire pit for cozy evenings.","Riverfront Estates offers a private and tranquil setting along the river. Residents can enjoy fishing, kayaking, and picnicking in the nearby Riverfront Park. With gated entry and 24-hour security, this neighborhood provides a safe and luxurious lifestyle."
"Mountain View Heights","$770,000","3","2.5","2,400 sqft","Enjoy mountain views from this charming 3-bedroom, 2.5-bathroom home in the desirable Mountain View Heights neighborhood. The cozy living room features a stone fireplace and vaulted ceilings. The updated kitchen offers granite countertops and stainless steel appliances. Relax in the backyard oasis with a hot tub and outdoor dining area.","Mountain View Heights is known for its scenic beauty and outdoor recreation opportunities. Residents can hike the nearby trails or visit the Mountain View Heights Golf Course for a round of golf. With a strong sense of community and top-rated schools, this neighborhood is perfect for families."
"Harbor Pointe","$870,000","4","3.5","2,900 sqft","Live the coastal lifestyle in this 4-bedroom, 3.5-bathroom home in the waterfront community of Harbor Pointe. The spacious floor plan features a gourmet kitchen with a large island and water views. The master suite offers a private balcony and a luxurious en-suite bathroom. Relax on the deck overlooking the marina or take a short walk to the beach for a day of sun and surf.","Harbor Pointe is a boater's paradise with easy access to the marina and yacht club. Residents can enjoy waterfront dining at the Harbor Pointe Restaurant or take a sunset cruise along the coast. With a vibrant waterfront scene and close proximity to shopping and entertainment, this neighborhood offers the best of coastal living."
"Oak Ridge Estates","$720,000","5","3","2,700 sqft","Discover country living in this 5-bedroom, 3-bathroom home in the peaceful Oak Ridge Estates. The wrap-around porch welcomes you into the spacious living room with a cozy fireplace. The updated kitchen features custom cabinetry and a breakfast nook. The expansive backyard offers a garden area and a fire pit, perfect for outdoor gatherings.","Oak Ridge Estates is a quiet and picturesque neighborhood with rolling hills and mature trees. Residents can explore the nearby Oak Ridge Park or visit the Oak Ridge Winery for wine tasting. With a strong sense of community and a rural charm, this neighborhood is ideal for those seeking a tranquil lifestyle."
"Maple Grove","$610,000","4","2.5","2,500 sqft","Step into this 4-bedroom, 2.5-bathroom home in the family-friendly neighborhood of Maple Grove. The open-concept living area features a modern kitchen with quartz countertops and a breakfast bar. The master suite offers a walk-in closet and a spa-like bathroom. Enjoy the fenced backyard with a patio and space for outdoor play.","Maple Grove is known for its tree-lined streets and community events. Residents can attend the annual Maple Grove Fall Festival or take a short drive to the Maple Grove Community Center for recreational activities. With top-rated schools and parks nearby, this neighborhood is perfect for families."
"Golden Hills","$970,000","6","4.5","3,600 sqft","Experience luxury living in this 6-bedroom, 4.5-bathroom home in the prestigious Golden Hills neighborhood. The grand foyer leads to a formal dining room and a spacious living area with a fireplace. The gourmet kitchen features high-end appliances and a large island. Retreat to the master suite with a sitting area and a private balcony. The backyard oasis includes a pool, spa, and outdoor kitchen, perfect for entertaining guests.","Golden Hills is known for its upscale homes and lush landscaping. Residents can enjoy the Golden Hills Country Club or take a short drive to the Golden Hills Shopping Center for dining and shopping options. With easy access to highways and top-rated schools, this neighborhood offers a luxurious lifestyle."
"Silver Creek Meadows","$730,000","4","3","2,700 sqft","Escape to this 4-bedroom, 3-bathroom home in the peaceful Silver Creek Meadows neighborhood. The open floor plan features a spacious living room with a fireplace and vaulted ceilings. The updated kitchen offers granite countertops and stainless steel appliances. Relax in the master suite with a walk-in closet and a spa-like bathroom. The backyard oasis includes a deck and a garden area, perfect for outdoor relaxation.","Silver Creek Meadows is a quiet and family-friendly neighborhood with tree-lined streets and community parks. Residents can explore the nearby Silver Creek Trail or visit the Silver Creek Meadows Community Center for recreational activities. With a strong sense of community and top-rated schools, this neighborhood is ideal for families."
"Ocean View Terrace","$1,150,000","5","4","3,200 sqft","Enjoy ocean views from this 5-bedroom, 4-bathroom home in the exclusive Ocean View Terrace neighborhood. The open-concept living area features a gourmet kitchen with high-end appliances and a large island. The master suite offers a private balcony and a luxurious en-suite bathroom. The outdoor space includes a patio with a fire pit and a hot tub, perfect for outdoor entertaining.","Ocean View Terrace offers a coastal lifestyle with easy access to the beach and waterfront dining. Residents can take a short walk to the Ocean View Terrace Park or visit the Ocean View Terrace Marina for boating and fishing. With a vibrant waterfront scene and upscale amenities, this neighborhood provides a luxurious coastal living experience."
"Sunrise Pointe","$690,000","3","2","2,300 sqft","Wake up to stunning sunrises in this 3-bedroom, 2-bathroom home in the desirable Sunrise Pointe neighborhood. The bright and airy living room features a fireplace and large windows. The updated kitchen offers quartz countertops and stainless steel appliances. Relax in the master suite with a walk-in closet and a spa-like bathroom. The backyard oasis includes a patio and a garden area, perfect for outdoor relaxation.","Sunrise Pointe is known for its scenic views and peaceful atmosphere. Residents can enjoy morning walks along the Sunrise Pointe Trail or visit the Sunrise Pointe Golf Course for a round of golf. With a strong sense of community and easy access to shopping and dining options, this neighborhood is ideal for those seeking a tranquil lifestyle."
"Valley Vista Heights","$740,000","4","3","2,600 sqft","Discover valley views from this 4-bedroom, 3-bathroom home in the scenic Valley Vista Heights neighborhood. The open floor plan features a spacious living room with a fireplace and vaulted ceilings. The updated kitchen offers granite countertops and stainless steel appliances. Retreat to the master suite with a walk-in closet and a spa-like bathroom. The backyard oasis includes a deck and a garden area, perfect for outdoor relaxation.","Valley Vista Heights is a peaceful neighborhood with rolling hills and panoramic views. Residents can hike the nearby Valley Vista Trail or visit the Valley Vista Heights Winery for wine tasting. With a strong sense of community and top-rated schools, this neighborhood is perfect for families."
"Parkside Manor","$790,000","5","3.5","2,900 sqft","Live in luxury in this 5-bedroom, 3.5-bathroom home in the prestigious Parkside Manor neighborhood. The grand foyer leads to a formal dining room and a spacious living area with a fireplace. The gourmet kitchen features high-end appliances and a large island. Retreat to the master suite with a sitting area and a private balcony. The backyard oasis includes a pool, spa, and outdoor kitchen, perfect for entertaining guests.","Parkside Manor is known for its upscale homes and manicured landscaping. Residents can enjoy the Parkside Manor Country Club or take a short drive to the Parkside Manor Shopping Center for dining and shopping options. With easy access to highways and top-rated schools, this neighborhood offers a luxurious lifestyle."
"Forest Glen Estates","$700,000","4","2.5","2,500 sqft","Escape to this 4-bedroom, 2.5-bathroom home in the peaceful Forest Glen Estates neighborhood. The open-concept living area features a cozy fireplace and hardwood floors. The updated kitchen offers quartz countertops and stainless steel appliances. Relax in the master suite with a walk-in closet and a spa-like bathroom. The backyard oasis includes a deck and a garden area, perfect for outdoor relaxation.","Forest Glen Estates is a quiet and family-friendly neighborhood with tree-lined streets and community parks. Residents can explore the nearby Forest Glen Trail or visit the Forest Glen Estates Community Center for recreational activities. With a strong sense of community and top-rated schools, this neighborhood is ideal for families."